{
  "version": 1,
  "author": "Anonymous maker",
  "editor": "wokwi",
  "parts": [
    { "type": "wokwi-esp32-devkit-v1", "id": "esp", "top": -0.01, "left": -53.93, "attrs": {} },
    { "type": "wokwi-dht22", "id": "dht1", "top": -118.9, "left": -138.76, "attrs": {} },
    {
      "type": "wokwi-slide-potentiometer",
      "id": "pot2",
      "top": -131.8,
      "left": 1.81,
      "attrs": { "travelLength": "30" }
    }
  ],
  "connections": [
    [ "esp:TX0", "$serialMonitor:RX", "", [] ],
    [ "esp:RX0", "$serialMonitor:TX", "", [] ],
    [ "dht1:VCC", "esp:VIN", "red", [ "v108.17", "h0.46", "v54.67" ] ],
    [ "dht1:GND", "esp:GND.2", "black", [ "v0" ] ],
    [ "dht1:SDA", "esp:D4", "green", [ "v0" ] ],
    [ "esp:VIN", "pot2:VCC", "red", [ "h-22.2", "v-237.24" ] ],
    [ "pot2:GND", "esp:GND.1", "black", [ "v0" ] ],
    [ "pot2:SIG", "esp:D34", "green", [ "h-21.27", "v29.22", "h-46", "v81.17" ] ]
  ]
}